DATA;CUPOM;CATEGORIA;PRODUTO;QUANTIDADE;VALOR
01/08/2026;58326;REVENDA;Sabonete facial 150ml;1;37,12
01/08/2026;58327;CÁPSULAS E SUPLEMENTOS;Magnésio dimalato 60 cáps;1;73,26
01/08/2026;58328;DERMATOLÓGICOS;Creme clareador 30g;1;92,53
01/08/2026;58328;DERMATOLÓGICOS;Vitamina C 15% sérum 30ml;1;103,40
01/08/2026;58329;FLORAIS E HOMEOPATIA;Fórmula floral personalizada;2;98,74
01/08/2026;58329;FLORAIS E HOMEOPATIA;Arnica CH6 glóbulos;1;32,19
01/08/2026;58330;DERMATOLÓGICOS;Minoxidil 5% loção 60ml;1;71,49
01/08/2026;58331;FLORAIS E HOMEOPATIA;Fórmula floral personalizada;1;50,67
03/08/2026;58331;FLORAIS E HOMEOPATIA;DEVOLUÇÃO - Fórmula floral personalizada;-1;-50,67
03/08/2026;58332;CÁPSULAS E SUPLEMENTOS;Vitamina D3 10.000UI 60 cáps;2;131,86
03/08/2026;58332;REVENDA;Protetor labial;1;15,47
03/08/2026;58333;FLORAIS E HOMEOPATIA;Fórmula floral personalizada;1;37,77
03/08/2026;58334;REVENDA;Sabonete facial 150ml;1;25,34
03/08/2026;58335;CÁPSULAS E SUPLEMENTOS;Vitamina D3 10.000UI 60 cáps;1;68,63
03/08/2026;58335;DERMATOLÓGICOS;Protetor solar FPS 50 com cor 50g;1;97,42
03/08/2026;58336;FLORAIS E HOMEOPATIA;Arnica CH6 glóbulos;2;78,42
03/08/2026;58336;FLORAIS E HOMEOPATIA;Fórmula floral personalizada;1;49,13
03/08/2026;58337;DERMATOLÓGICOS;Ácido hialurônico sérum 30ml;1;95,43
03/08/2026;58337;DERMATOLÓGICOS;Minoxidil 5% loção 60ml;1;84,00
03/08/2026;58338;REVENDA;Sabonete facial 150ml;1;39,65
03/08/2026;58339;DERMATOLÓGICOS;Vitamina C 15% sérum 30ml;1;107,80
03/08/2026;58340;DERMATOLÓGICOS;Minoxidil 5% loção 60ml;1;72,53
03/08/2026;58341;VETERINÁRIOS;Pasta palatável pet 30 doses;1;70,77
03/08/2026;58342;CÁPSULAS E SUPLEMENTOS;Complexo B 60 cáps;1;55,72
03/08/2026;58342;VETERINÁRIOS;Suplemento articular pet 30 cáps;1;81,26
03/08/2026;58342;DERMATOLÓGICOS;Creme clareador 30g;1;174,33
03/08/2026;58343;DERMATOLÓGICOS;Minoxidil 5% loção 60ml;1;70,60
06/08/2026;58343;DERMATOLÓGICOS;DEVOLUÇÃO - Minoxidil 5% loção 60ml;-1;-70,60
03/08/2026;58344;DERMATOLÓGICOS;Creme clareador 30g;1;151,83
04/08/2026;58345;REVENDA;Protetor labial;1;12,93
04/08/2026;58345;VETERINÁRIOS;Suplemento articular pet 30 cáps;1;86,14
04/08/2026;58346;CÁPSULAS E SUPLEMENTOS;Ômega 3 1000mg 60 cáps;1;94,16
04/08/2026;58347;CÁPSULAS E SUPLEMENTOS;Ômega 3 1000mg 60 cáps;1;67,85
04/08/2026;58347;REVENDA;Sabonete facial 150ml;2;36,54
04/08/2026;58347;DERMATOLÓGICOS;Protetor solar FPS 50 com cor 50g;1;108,63
04/08/2026;58348;CÁPSULAS E SUPLEMENTOS;Magnésio dimalato 60 cáps;1;80,01
04/08/2026;58349;REVENDA;Sabonete facial 150ml;1;37,83
04/08/2026;58349;REVENDA;Sabonete facial 150ml;1;34,46
04/08/2026;58350;CÁPSULAS E SUPLEMENTOS;Ômega 3 1000mg 60 cáps;1;71,66
04/08/2026;58351;CÁPSULAS E SUPLEMENTOS;Complexo B 60 cáps;1;56,55
04/08/2026;58352;REVENDA;Protetor labial;2;32,46
04/08/2026;58353;DERMATOLÓGICOS;Creme clareador 30g;1;176,60
04/08/2026;58354;REVENDA;Sabonete facial 150ml;1;34,03
05/08/2026;58355;FLORAIS E HOMEOPATIA;Floral de Bach 30ml;1;30,25
05/08/2026;58356;CÁPSULAS E SUPLEMENTOS;Complexo B 60 cáps;1;48,56
05/08/2026;58357;DERMATOLÓGICOS;Protetor solar FPS 50 com cor 50g;1;95,41
05/08/2026;58357;DERMATOLÓGICOS;Ácido hialurônico sérum 30ml;1;124,43
05/08/2026;58358;DERMATOLÓGICOS;Protetor solar FPS 50 com cor 50g;1;101,95
05/08/2026;58359;VETERINÁRIOS;Pasta palatável pet 30 doses;1;74,57
05/08/2026;58359;CÁPSULAS E SUPLEMENTOS;Ômega 3 1000mg 60 cáps;1;73,37
10/08/2026;58359;CÁPSULAS E SUPLEMENTOS;DEVOLUÇÃO - Ômega 3 1000mg 60 cáps;-1;-73,37
05/08/2026;58360;FLORAIS E HOMEOPATIA;Fórmula floral personalizada;1;37,08
05/08/2026;58360;CÁPSULAS E SUPLEMENTOS;Complexo B 60 cáps;1;51,57
05/08/2026;58361;CÁPSULAS E SUPLEMENTOS;Colágeno + vitamina C 60 cáps;1;72,60
05/08/2026;58362;DERMATOLÓGICOS;Minoxidil 5% loção 60ml;1;78,78
05/08/2026;58362;REVENDA;Hidratante corporal 200ml;2;83,10
05/08/2026;58363;CÁPSULAS E SUPLEMENTOS;Vitamina D3 10.000UI 60 cáps;1;45,51
05/08/2026;58363;DERMATOLÓGICOS;Vitamina C 15% sérum 30ml;1;84,63
05/08/2026;58364;DERMATOLÓGICOS;Protetor solar FPS 50 com cor 50g;1;94,31
05/08/2026;58365;DERMATOLÓGICOS;Vitamina C 15% sérum 30ml;1;113,25
05/08/2026;58365;DERMATOLÓGICOS;Protetor solar FPS 50 com cor 50g;1;93,19
05/08/2026;58366;REVENDA;Sabonete facial 150ml;1;22,89
05/08/2026;58367;DERMATOLÓGICOS;Creme clareador 30g;1;154,64
06/08/2026;58368;CÁPSULAS E SUPLEMENTOS;Colágeno + vitamina C 60 cáps;1;104,98
06/08/2026;58369;DERMATOLÓGICOS;Creme clareador 30g;1;158,74
06/08/2026;58370;CÁPSULAS E SUPLEMENTOS;Vitamina D3 10.000UI 60 cáps;1;59,82
06/08/2026;58371;DERMATOLÓGICOS;Protetor solar FPS 50 com cor 50g;1;103,28
06/08/2026;58371;DERMATOLÓGICOS;Vitamina C 15% sérum 30ml;1;81,75
06/08/2026;58372;VETERINÁRIOS;Pasta palatável pet 30 doses;1;87,07
06/08/2026;58373;DERMATOLÓGICOS;Vitamina C 15% sérum 30ml;1;83,43
06/08/2026;58373;DERMATOLÓGICOS;Minoxidil 5% loção 60ml;2;172,32
06/08/2026;58374;DERMATOLÓGICOS;Vitamina C 15% sérum 30ml;1;114,97
06/08/2026;58375;CÁPSULAS E SUPLEMENTOS;Vitamina D3 10.000UI 60 cáps;2;92,02
06/08/2026;58375;FLORAIS E HOMEOPATIA;Fórmula floral personalizada;1;41,15
06/08/2026;58375;FLORAIS E HOMEOPATIA;Fórmula floral personalizada;1;51,50
06/08/2026;58376;VETERINÁRIOS;Suplemento articular pet 30 cáps;1;75,53
06/08/2026;58376;DERMATOLÓGICOS;Vitamina C 15% sérum 30ml;1;84,17
06/08/2026;58377;REVENDA;Hidratante corporal 200ml;1;52,91
06/08/2026;58378;DERMATOLÓGICOS;Protetor solar FPS 50 com cor 50g;2;182,58
06/08/2026;58379;CÁPSULAS E SUPLEMENTOS;Vitamina D3 10.000UI 60 cáps;1;48,03
06/08/2026;58380;REVENDA;Sabonete facial 150ml;1;30,74
06/08/2026;58381;DERMATOLÓGICOS;Creme clareador 30g;2;247,30
06/08/2026;58381;FLORAIS E HOMEOPATIA;Floral de Bach 30ml;1;37,83
11/08/2026;58381;FLORAIS E HOMEOPATIA;DEVOLUÇÃO - Floral de Bach 30ml;-1;-37,83
06/08/2026;58381;REVENDA;Hidratante corporal 200ml;1;31,69
07/08/2026;58382;CÁPSULAS E SUPLEMENTOS;Magnésio dimalato 60 cáps;1;71,83
07/08/2026;58383;DERMATOLÓGICOS;Vitamina C 15% sérum 30ml;1;115,25
07/08/2026;58383;DERMATOLÓGICOS;Ácido hialurônico sérum 30ml;1;133,72
07/08/2026;58384;FLORAIS E HOMEOPATIA;Arnica CH6 glóbulos;1;29,08
07/08/2026;58385;CÁPSULAS E SUPLEMENTOS;Ômega 3 1000mg 60 cáps;1;79,89
07/08/2026;58385;REVENDA;Sabonete facial 150ml;1;20,48
07/08/2026;58386;REVENDA;Hidratante corporal 200ml;1;48,18
07/08/2026;58386;REVENDA;Hidratante corporal 200ml;1;35,75
07/08/2026;58387;DERMATOLÓGICOS;Vitamina C 15% sérum 30ml;1;93,45
07/08/2026;58388;DERMATOLÓGICOS;Ácido hialurônico sérum 30ml;1;93,22
07/08/2026;58389;REVENDA;Protetor labial;1;22,78
07/08/2026;58390;CÁPSULAS E SUPLEMENTOS;Magnésio dimalato 60 cáps;1;74,28
07/08/2026;58391;DERMATOLÓGICOS;Ácido hialurônico sérum 30ml;1;89,24
07/08/2026;58392;CÁPSULAS E SUPLEMENTOS;Magnésio dimalato 60 cáps;2;110,12
07/08/2026;58393;REVENDA;Protetor labial;1;20,68
08/08/2026;58394;REVENDA;Protetor labial;1;13,97
08/08/2026;58395;CÁPSULAS E SUPLEMENTOS;Ômega 3 1000mg 60 cáps;1;94,22
08/08/2026;58396;CÁPSULAS E SUPLEMENTOS;Complexo B 60 cáps;2;102,02
08/08/2026;58397;FLORAIS E HOMEOPATIA;Floral de Bach 30ml;1;31,21
08/08/2026;58398;CÁPSULAS E SUPLEMENTOS;Colágeno + vitamina C 60 cáps;1;76,40
08/08/2026;58398;DERMATOLÓGICOS;Vitamina C 15% sérum 30ml;1;82,46
08/08/2026;58398;CÁPSULAS E SUPLEMENTOS;Magnésio dimalato 60 cáps;2;110,28
08/08/2026;58399;DERMATOLÓGICOS;Protetor solar FPS 50 com cor 50g;1;83,60
08/08/2026;58399;DERMATOLÓGICOS;Minoxidil 5% loção 60ml;1;69,70
08/08/2026;58400;CÁPSULAS E SUPLEMENTOS;Colágeno + vitamina C 60 cáps;1;112,21
08/08/2026;58400;DERMATOLÓGICOS;Creme clareador 30g;1;107,61
10/08/2026;58401;CÁPSULAS E SUPLEMENTOS;Vitamina D3 10.000UI 60 cáps;1;66,66
10/08/2026;58402;CÁPSULAS E SUPLEMENTOS;Complexo B 60 cáps;1;49,36
10/08/2026;58402;DERMATOLÓGICOS;Protetor solar FPS 50 com cor 50g;1;100,90
10/08/2026;58403;CÁPSULAS E SUPLEMENTOS;Complexo B 60 cáps;1;52,24
10/08/2026;58404;CÁPSULAS E SUPLEMENTOS;Colágeno + vitamina C 60 cáps;1;81,26
10/08/2026;58404;CÁPSULAS E SUPLEMENTOS;Ômega 3 1000mg 60 cáps;1;90,14
10/08/2026;58405;DERMATOLÓGICOS;Creme clareador 30g;1;140,71
10/08/2026;58405;DERMATOLÓGICOS;Minoxidil 5% loção 60ml;1;86,82
10/08/2026;58406;CÁPSULAS E SUPLEMENTOS;Ômega 3 1000mg 60 cáps;1;68,77
10/08/2026;58407;REVENDA;Sabonete facial 150ml;1;27,01
10/08/2026;58408;REVENDA;Sabonete facial 150ml;1;38,39
10/08/2026;58409;REVENDA;Hidratante corporal 200ml;1;29,00
10/08/2026;58409;REVENDA;Protetor labial;1;13,75
10/08/2026;58410;DERMATOLÓGICOS;Vitamina C 15% sérum 30ml;1;91,40
10/08/2026;58411;CÁPSULAS E SUPLEMENTOS;Colágeno + vitamina C 60 cáps;1;89,65
10/08/2026;58411;DERMATOLÓGICOS;Creme clareador 30g;1;142,88
10/08/2026;58412;FLORAIS E HOMEOPATIA;Fórmula floral personalizada;1;43,20
10/08/2026;58413;REVENDA;Protetor labial;1;16,10
11/08/2026;58414;CÁPSULAS E SUPLEMENTOS;Magnésio dimalato 60 cáps;2;144,00
11/08/2026;58414;DERMATOLÓGICOS;Minoxidil 5% loção 60ml;1;69,24
11/08/2026;58415;DERMATOLÓGICOS;Ácido hialurônico sérum 30ml;1;96,59
11/08/2026;58416;DERMATOLÓGICOS;Creme clareador 30g;1;177,55
11/08/2026;58416;REVENDA;Sabonete facial 150ml;1;27,52
11/08/2026;58417;CÁPSULAS E SUPLEMENTOS;Complexo B 60 cáps;1;64,88
11/08/2026;58418;CÁPSULAS E SUPLEMENTOS;Ômega 3 1000mg 60 cáps;1;77,97
11/08/2026;58419;FLORAIS E HOMEOPATIA;Floral de Bach 30ml;1;29,36
11/08/2026;58420;CÁPSULAS E SUPLEMENTOS;Complexo B 60 cáps;1;56,17
14/08/2026;58420;CÁPSULAS E SUPLEMENTOS;DEVOLUÇÃO - Complexo B 60 cáps;-1;-56,17
11/08/2026;58420;DERMATOLÓGICOS;Ácido hialurônico sérum 30ml;1;91,97
11/08/2026;58421;DERMATOLÓGICOS;Ácido hialurônico sérum 30ml;1;94,89
11/08/2026;58421;REVENDA;Sabonete facial 150ml;1;37,59
11/08/2026;58422;CÁPSULAS E SUPLEMENTOS;Vitamina D3 10.000UI 60 cáps;1;55,35
11/08/2026;58422;DERMATOLÓGICOS;Vitamina C 15% sérum 30ml;1;101,99
11/08/2026;58423;FLORAIS E HOMEOPATIA;Floral de Bach 30ml;1;40,41
11/08/2026;58424;CÁPSULAS E SUPLEMENTOS;Colágeno + vitamina C 60 cáps;1;90,60
11/08/2026;58425;FLORAIS E HOMEOPATIA;Arnica CH6 glóbulos;1;31,00
11/08/2026;58426;CÁPSULAS E SUPLEMENTOS;Magnésio dimalato 60 cáps;1;75,43
11/08/2026;58427;FLORAIS E HOMEOPATIA;Floral de Bach 30ml;2;63,88
11/08/2026;58428;CÁPSULAS E SUPLEMENTOS;Vitamina D3 10.000UI 60 cáps;1;47,53
11/08/2026;58428;DERMATOLÓGICOS;Ácido hialurônico sérum 30ml;1;123,42
11/08/2026;58429;CÁPSULAS E SUPLEMENTOS;Complexo B 60 cáps;2;93,52
11/08/2026;58430;DERMATOLÓGICOS;Ácido hialurônico sérum 30ml;1;133,38
12/08/2026;58431;DERMATOLÓGICOS;Protetor solar FPS 50 com cor 50g;1;93,62
12/08/2026;58432;REVENDA;Protetor labial;1;19,72
12/08/2026;58433;REVENDA;Protetor labial;2;37,80
12/08/2026;58434;DERMATOLÓGICOS;Ácido hialurônico sérum 30ml;1;121,20
12/08/2026;58435;CÁPSULAS E SUPLEMENTOS;Ômega 3 1000mg 60 cáps;1;82,37
12/08/2026;58435;DERMATOLÓGICOS;Minoxidil 5% loção 60ml;1;69,12
12/08/2026;58436;CÁPSULAS E SUPLEMENTOS;Complexo B 60 cáps;1;60,51
12/08/2026;58437;DERMATOLÓGICOS;Vitamina C 15% sérum 30ml;1;113,94
12/08/2026;58437;DERMATOLÓGICOS;Ácido hialurônico sérum 30ml;1;101,84
12/08/2026;58438;FLORAIS E HOMEOPATIA;Arnica CH6 glóbulos;1;27,73
12/08/2026;58439;REVENDA;Sabonete facial 150ml;1;28,08
12/08/2026;58440;DERMATOLÓGICOS;Minoxidil 5% loção 60ml;1;68,45
12/08/2026;58441;DERMATOLÓGICOS;Creme clareador 30g;1;136,63
12/08/2026;58442;DERMATOLÓGICOS;Ácido hialurônico sérum 30ml;1;93,88
12/08/2026;58442;DERMATOLÓGICOS;Ácido hialurônico sérum 30ml;1;99,66
12/08/2026;58443;REVENDA;Protetor labial;1;13,55
12/08/2026;58444;FLORAIS E HOMEOPATIA;Fórmula floral personalizada;1;54,85
13/08/2026;58445;DERMATOLÓGICOS;Protetor solar FPS 50 com cor 50g;1;108,91
13/08/2026;58446;DERMATOLÓGICOS;Vitamina C 15% sérum 30ml;1;93,22
13/08/2026;58447;DERMATOLÓGICOS;Ácido hialurônico sérum 30ml;1;101,21
13/08/2026;58448;CÁPSULAS E SUPLEMENTOS;Vitamina D3 10.000UI 60 cáps;1;64,85
13/08/2026;58448;CÁPSULAS E SUPLEMENTOS;Colágeno + vitamina C 60 cáps;1;81,73
13/08/2026;58449;VETERINÁRIOS;Suplemento articular pet 30 cáps;1;69,55
13/08/2026;58450;DERMATOLÓGICOS;Vitamina C 15% sérum 30ml;1;94,61
13/08/2026;58451;CÁPSULAS E SUPLEMENTOS;Vitamina D3 10.000UI 60 cáps;1;46,25
13/08/2026;58451;REVENDA;Sabonete facial 150ml;2;44,00
13/08/2026;58451;DERMATOLÓGICOS;Vitamina C 15% sérum 30ml;1;101,26
13/08/2026;58452;DERMATOLÓGICOS;Minoxidil 5% loção 60ml;1;94,91
13/08/2026;58453;CÁPSULAS E SUPLEMENTOS;Ômega 3 1000mg 60 cáps;1;80,98
13/08/2026;58454;FLORAIS E HOMEOPATIA;Floral de Bach 30ml;1;43,89
13/08/2026;58455;DERMATOLÓGICOS;Creme clareador 30g;1;134,31
13/08/2026;58456;CÁPSULAS E SUPLEMENTOS;Colágeno + vitamina C 60 cáps;1;77,83
14/08/2026;58457;CÁPSULAS E SUPLEMENTOS;Colágeno + vitamina C 60 cáps;1;77,61
14/08/2026;58458;VETERINÁRIOS;Pasta palatável pet 30 doses;1;80,26
14/08/2026;58458;CÁPSULAS E SUPLEMENTOS;Ômega 3 1000mg 60 cáps;1;64,55
14/08/2026;58459;REVENDA;Hidratante corporal 200ml;1;47,16
14/08/2026;58460;REVENDA;Hidratante corporal 200ml;1;34,97
14/08/2026;58460;DERMATOLÓGICOS;Creme clareador 30g;1;120,64
14/08/2026;58461;CÁPSULAS E SUPLEMENTOS;Ômega 3 1000mg 60 cáps;1;92,49
14/08/2026;58461;DERMATOLÓGICOS;Creme clareador 30g;2;296,58
14/08/2026;58462;REVENDA;Protetor labial;2;31,74
14/08/2026;58462;FLORAIS E HOMEOPATIA;Arnica CH6 glóbulos;1;34,76
14/08/2026;58462;FLORAIS E HOMEOPATIA;Floral de Bach 30ml;1;41,25
14/08/2026;58463;CÁPSULAS E SUPLEMENTOS;Magnésio dimalato 60 cáps;1;82,25
14/08/2026;58464;CÁPSULAS E SUPLEMENTOS;Ômega 3 1000mg 60 cáps;1;86,51
14/08/2026;58464;REVENDA;Protetor labial;1;21,74
14/08/2026;58465;DERMATOLÓGICOS;Vitamina C 15% sérum 30ml;1;94,14
14/08/2026;58466;CÁPSULAS E SUPLEMENTOS;Ômega 3 1000mg 60 cáps;1;63,37
15/08/2026;58467;CÁPSULAS E SUPLEMENTOS;Complexo B 60 cáps;1;43,30
15/08/2026;58468;CÁPSULAS E SUPLEMENTOS;Ômega 3 1000mg 60 cáps;2;123,88
15/08/2026;58468;CÁPSULAS E SUPLEMENTOS;Complexo B 60 cáps;1;45,27
15/08/2026;58469;CÁPSULAS E SUPLEMENTOS;Ômega 3 1000mg 60 cáps;2;123,50
15/08/2026;58470;FLORAIS E HOMEOPATIA;Floral de Bach 30ml;1;39,63
15/08/2026;58471;VETERINÁRIOS;Pasta palatável pet 30 doses;1;105,53
15/08/2026;58472;DERMATOLÓGICOS;Ácido hialurônico sérum 30ml;1;101,78
15/08/2026;58473;CÁPSULAS E SUPLEMENTOS;Vitamina D3 10.000UI 60 cáps;1;69,82
15/08/2026;58473;FLORAIS E HOMEOPATIA;Arnica CH6 glóbulos;1;25,15
15/08/2026;58473;CÁPSULAS E SUPLEMENTOS;Vitamina D3 10.000UI 60 cáps;2;113,84
17/08/2026;58474;DERMATOLÓGICOS;Minoxidil 5% loção 60ml;1;81,87
17/08/2026;58474;DERMATOLÓGICOS;Creme clareador 30g;1;139,24
17/08/2026;58474;CÁPSULAS E SUPLEMENTOS;Complexo B 60 cáps;1;47,70
17/08/2026;58475;REVENDA;Sabonete facial 150ml;1;26,95
17/08/2026;58475;DERMATOLÓGICOS;Vitamina C 15% sérum 30ml;1;111,78
17/08/2026;58476;CÁPSULAS E SUPLEMENTOS;Vitamina D3 10.000UI 60 cáps;1;47,85
17/08/2026;58477;FLORAIS E HOMEOPATIA;Arnica CH6 glóbulos;1;26,36
17/08/2026;58478;DERMATOLÓGICOS;Creme clareador 30g;2;283,14
17/08/2026;58479;VETERINÁRIOS;Suplemento articular pet 30 cáps;1;58,60
17/08/2026;58480;DERMATOLÓGICOS;Vitamina C 15% sérum 30ml;1;99,64
17/08/2026;58481;REVENDA;Hidratante corporal 200ml;1;46,50
17/08/2026;58481;DERMATOLÓGICOS;Vitamina C 15% sérum 30ml;1;85,37
17/08/2026;58482;DERMATOLÓGICOS;Ácido hialurônico sérum 30ml;1;89,14
17/08/2026;58482;CÁPSULAS E SUPLEMENTOS;Magnésio dimalato 60 cáps;1;58,80
17/08/2026;58483;DERMATOLÓGICOS;Ácido hialurônico sérum 30ml;1;114,81
17/08/2026;58483;VETERINÁRIOS;Pasta palatável pet 30 doses;1;108,57
17/08/2026;58484;DERMATOLÓGICOS;Vitamina C 15% sérum 30ml;1;87,91
18/08/2026;58485;DERMATOLÓGICOS;Minoxidil 5% loção 60ml;1;71,94
18/08/2026;58486;CÁPSULAS E SUPLEMENTOS;Vitamina D3 10.000UI 60 cáps;1;51,53
18/08/2026;58486;DERMATOLÓGICOS;Protetor solar FPS 50 com cor 50g;2;200,68
18/08/2026;58487;FLORAIS E HOMEOPATIA;Floral de Bach 30ml;1;32,91
18/08/2026;58488;DERMATOLÓGICOS;Protetor solar FPS 50 com cor 50g;2;209,72
18/08/2026;58488;CÁPSULAS E SUPLEMENTOS;Magnésio dimalato 60 cáps;1;56,80
18/08/2026;58489;DERMATOLÓGICOS;Ácido hialurônico sérum 30ml;1;94,06
18/08/2026;58490;VETERINÁRIOS;Pasta palatável pet 30 doses;2;150,26
18/08/2026;58491;DERMATOLÓGICOS;Protetor solar FPS 50 com cor 50g;1;105,93
18/08/2026;58492;CÁPSULAS E SUPLEMENTOS;Magnésio dimalato 60 cáps;1;69,79
18/08/2026;58493;DERMATOLÓGICOS;Ácido hialurônico sérum 30ml;2;278,58
18/08/2026;58493;CÁPSULAS E SUPLEMENTOS;Magnésio dimalato 60 cáps;2;131,54
18/08/2026;58493;CÁPSULAS E SUPLEMENTOS;Complexo B 60 cáps;1;54,36
18/08/2026;58494;CÁPSULAS E SUPLEMENTOS;Vitamina D3 10.000UI 60 cáps;1;59,60
18/08/2026;58494;FLORAIS E HOMEOPATIA;Arnica CH6 glóbulos;1;26,96
18/08/2026;58495;DERMATOLÓGICOS;Creme clareador 30g;1;169,14
18/08/2026;58495;DERMATOLÓGICOS;Ácido hialurônico sérum 30ml;2;270,00
18/08/2026;58496;CÁPSULAS E SUPLEMENTOS;Magnésio dimalato 60 cáps;1;66,28
19/08/2026;58496;CÁPSULAS E SUPLEMENTOS;DEVOLUÇÃO - Magnésio dimalato 60 cáps;-1;-66,28
18/08/2026;58496;CÁPSULAS E SUPLEMENTOS;Ômega 3 1000mg 60 cáps;1;68,36
18/08/2026;58496;REVENDA;Protetor labial;1;24,46
18/08/2026;58497;FLORAIS E HOMEOPATIA;Arnica CH6 glóbulos;1;29,01
18/08/2026;58497;VETERINÁRIOS;Suplemento articular pet 30 cáps;1;64,51
18/08/2026;58498;DERMATOLÓGICOS;Vitamina C 15% sérum 30ml;1;101,87
18/08/2026;58498;CÁPSULAS E SUPLEMENTOS;Complexo B 60 cáps;1;48,82
18/08/2026;58499;REVENDA;Sabonete facial 150ml;1;31,57
19/08/2026;58500;VETERINÁRIOS;Suplemento articular pet 30 cáps;1;56,35
19/08/2026;58501;DERMATOLÓGICOS;Protetor solar FPS 50 com cor 50g;1;82,62
19/08/2026;58501;VETERINÁRIOS;Pasta palatável pet 30 doses;2;199,10
19/08/2026;58501;VETERINÁRIOS;Suplemento articular pet 30 cáps;1;78,55
19/08/2026;58502;FLORAIS E HOMEOPATIA;Fórmula floral personalizada;1;40,37
19/08/2026;58503;FLORAIS E HOMEOPATIA;Arnica CH6 glóbulos;1;32,43
19/08/2026;58503;DERMATOLÓGICOS;Minoxidil 5% loção 60ml;2;166,86
19/08/2026;58503;FLORAIS E HOMEOPATIA;Fórmula floral personalizada;1;43,60
19/08/2026;58504;DERMATOLÓGICOS;Minoxidil 5% loção 60ml;1;85,96
19/08/2026;58505;CÁPSULAS E SUPLEMENTOS;Vitamina D3 10.000UI 60 cáps;1;46,32
19/08/2026;58506;DERMATOLÓGICOS;Ácido hialurônico sérum 30ml;1;111,17
19/08/2026;58506;DERMATOLÓGICOS;Minoxidil 5% loção 60ml;1;92,50
19/08/2026;58507;CÁPSULAS E SUPLEMENTOS;Magnésio dimalato 60 cáps;1;83,73
19/08/2026;58508;CÁPSULAS E SUPLEMENTOS;Colágeno + vitamina C 60 cáps;1;110,79
19/08/2026;58508;VETERINÁRIOS;Pasta palatável pet 30 doses;1;70,94
19/08/2026;58509;CÁPSULAS E SUPLEMENTOS;Colágeno + vitamina C 60 cáps;1;110,83
19/08/2026;58510;FLORAIS E HOMEOPATIA;Arnica CH6 glóbulos;1;28,11
19/08/2026;58511;CÁPSULAS E SUPLEMENTOS;Vitamina D3 10.000UI 60 cáps;2;131,18
19/08/2026;58511;DERMATOLÓGICOS;Vitamina C 15% sérum 30ml;1;117,07
20/08/2026;58512;DERMATOLÓGICOS;Creme clareador 30g;1;175,71
20/08/2026;58513;CÁPSULAS E SUPLEMENTOS;Complexo B 60 cáps;1;44,90
20/08/2026;58514;CÁPSULAS E SUPLEMENTOS;Colágeno + vitamina C 60 cáps;1;70,10
20/08/2026;58514;DERMATOLÓGICOS;Vitamina C 15% sérum 30ml;1;98,75
20/08/2026;58515;REVENDA;Hidratante corporal 200ml;1;29,59
20/08/2026;58516;CÁPSULAS E SUPLEMENTOS;Magnésio dimalato 60 cáps;1;67,97
20/08/2026;58517;DERMATOLÓGICOS;Vitamina C 15% sérum 30ml;1;96,82
20/08/2026;58518;CÁPSULAS E SUPLEMENTOS;Complexo B 60 cáps;1;57,19
20/08/2026;58519;DERMATOLÓGICOS;Ácido hialurônico sérum 30ml;1;131,05
20/08/2026;58519;DERMATOLÓGICOS;Protetor solar FPS 50 com cor 50g;1;87,33
20/08/2026;58520;REVENDA;Sabonete facial 150ml;1;22,63
20/08/2026;58520;DERMATOLÓGICOS;Creme clareador 30g;1;100,04
20/08/2026;58521;DERMATOLÓGICOS;Vitamina C 15% sérum 30ml;1;79,92
20/08/2026;58522;REVENDA;Sabonete facial 150ml;2;55,46
20/08/2026;58522;REVENDA;Sabonete facial 150ml;1;38,17
21/08/2026;58523;DERMATOLÓGICOS;Ácido hialurônico sérum 30ml;1;95,19
21/08/2026;58524;DERMATOLÓGICOS;Ácido hialurônico sérum 30ml;1;129,40
21/08/2026;58524;REVENDA;Protetor labial;1;19,28
21/08/2026;58525;DERMATOLÓGICOS;Vitamina C 15% sérum 30ml;1;94,47
21/08/2026;58525;CÁPSULAS E SUPLEMENTOS;Vitamina D3 10.000UI 60 cáps;1;46,56
21/08/2026;58526;CÁPSULAS E SUPLEMENTOS;Vitamina D3 10.000UI 60 cáps;1;57,68
21/08/2026;58527;DERMATOLÓGICOS;Creme clareador 30g;1;108,12
21/08/2026;58528;CÁPSULAS E SUPLEMENTOS;Colágeno + vitamina C 60 cáps;1;87,99
21/08/2026;58529;DERMATOLÓGICOS;Minoxidil 5% loção 60ml;1;73,19
21/08/2026;58530;CÁPSULAS E SUPLEMENTOS;Complexo B 60 cáps;1;41,86
21/08/2026;58531;DERMATOLÓGICOS;Ácido hialurônico sérum 30ml;1;88,18
21/08/2026;58532;DERMATOLÓGICOS;Vitamina C 15% sérum 30ml;1;88,12
21/08/2026;58532;REVENDA;Sabonete facial 150ml;1;38,36
21/08/2026;58533;REVENDA;Sabonete facial 150ml;1;33,85
21/08/2026;58534;VETERINÁRIOS;Suplemento articular pet 30 cáps;2;140,54
22/08/2026;58535;REVENDA;Protetor labial;1;22,90
22/08/2026;58536;CÁPSULAS E SUPLEMENTOS;Ômega 3 1000mg 60 cáps;1;77,07
22/08/2026;58537;CÁPSULAS E SUPLEMENTOS;Magnésio dimalato 60 cáps;1;58,76
22/08/2026;58537;DERMATOLÓGICOS;Ácido hialurônico sérum 30ml;1;85,72
22/08/2026;58538;DERMATOLÓGICOS;Ácido hialurônico sérum 30ml;1;112,50
22/08/2026;58539;CÁPSULAS E SUPLEMENTOS;Magnésio dimalato 60 cáps;1;68,12
22/08/2026;58540;DERMATOLÓGICOS;Protetor solar FPS 50 com cor 50g;1;102,86
22/08/2026;58540;DERMATOLÓGICOS;Vitamina C 15% sérum 30ml;2;185,36
22/08/2026;58541;FLORAIS E HOMEOPATIA;Floral de Bach 30ml;1;40,53
22/08/2026;58541;DERMATOLÓGICOS;Creme clareador 30g;2;197,92
22/08/2026;58542;DERMATOLÓGICOS;Ácido hialurônico sérum 30ml;2;277,70
22/08/2026;58542;CÁPSULAS E SUPLEMENTOS;Magnésio dimalato 60 cáps;1;81,37
22/08/2026;58542;CÁPSULAS E SUPLEMENTOS;Complexo B 60 cáps;1;60,27
24/08/2026;58543;DERMATOLÓGICOS;Minoxidil 5% loção 60ml;1;68,19
24/08/2026;58543;DERMATOLÓGICOS;Protetor solar FPS 50 com cor 50g;2;205,74
24/08/2026;58544;CÁPSULAS E SUPLEMENTOS;Vitamina D3 10.000UI 60 cáps;1;55,01
24/08/2026;58545;DERMATOLÓGICOS;Protetor solar FPS 50 com cor 50g;1;109,50
24/08/2026;58546;DERMATOLÓGICOS;Vitamina C 15% sérum 30ml;1;108,10
24/08/2026;58547;DERMATOLÓGICOS;Creme clareador 30g;1;163,78
24/08/2026;58548;REVENDA;Protetor labial;1;14,77
24/08/2026;58549;REVENDA;Sabonete facial 150ml;1;28,44
24/08/2026;58549;DERMATOLÓGICOS;Ácido hialurônico sérum 30ml;1;118,23
24/08/2026;58550;CÁPSULAS E SUPLEMENTOS;Vitamina D3 10.000UI 60 cáps;1;65,32
24/08/2026;58551;DERMATOLÓGICOS;Creme clareador 30g;1;107,50
24/08/2026;58551;DERMATOLÓGICOS;Protetor solar FPS 50 com cor 50g;1;95,32
24/08/2026;58552;DERMATOLÓGICOS;Creme clareador 30g;1;155,89
24/08/2026;58553;CÁPSULAS E SUPLEMENTOS;Ômega 3 1000mg 60 cáps;1;68,40
24/08/2026;58554;CÁPSULAS E SUPLEMENTOS;Magnésio dimalato 60 cáps;1;65,26
24/08/2026;58554;FLORAIS E HOMEOPATIA;Floral de Bach 30ml;1;39,93
24/08/2026;58555;DERMATOLÓGICOS;Minoxidil 5% loção 60ml;1;84,49
24/08/2026;58555;CÁPSULAS E SUPLEMENTOS;Complexo B 60 cáps;1;48,10
24/08/2026;58556;CÁPSULAS E SUPLEMENTOS;Vitamina D3 10.000UI 60 cáps;1;63,08
25/08/2026;58557;DERMATOLÓGICOS;Ácido hialurônico sérum 30ml;1;122,74
25/08/2026;58557;DERMATOLÓGICOS;Vitamina C 15% sérum 30ml;1;97,90
25/08/2026;58558;DERMATOLÓGICOS;Creme clareador 30g;2;226,68
25/08/2026;58558;CÁPSULAS E SUPLEMENTOS;Complexo B 60 cáps;1;61,08
25/08/2026;58559;REVENDA;Sabonete facial 150ml;2;73,06
25/08/2026;58560;CÁPSULAS E SUPLEMENTOS;Vitamina D3 10.000UI 60 cáps;1;65,49
25/08/2026;58561;DERMATOLÓGICOS;Protetor solar FPS 50 com cor 50g;1;80,53
25/08/2026;58562;FLORAIS E HOMEOPATIA;Floral de Bach 30ml;1;35,02
25/08/2026;58563;CÁPSULAS E SUPLEMENTOS;Ômega 3 1000mg 60 cáps;1;61,55
25/08/2026;58563;DERMATOLÓGICOS;Creme clareador 30g;1;162,99
26/08/2026;58564;FLORAIS E HOMEOPATIA;Floral de Bach 30ml;1;35,18
26/08/2026;58564;REVENDA;Sabonete facial 150ml;1;25,75
26/08/2026;58565;FLORAIS E HOMEOPATIA;Fórmula floral personalizada;1;59,10
26/08/2026;58566;FLORAIS E HOMEOPATIA;Fórmula floral personalizada;1;37,64
26/08/2026;58566;REVENDA;Sabonete facial 150ml;2;74,50
26/08/2026;58567;CÁPSULAS E SUPLEMENTOS;Complexo B 60 cáps;2;112,88
26/08/2026;58568;REVENDA;Hidratante corporal 200ml;1;28,86
26/08/2026;58568;DERMATOLÓGICOS;Creme clareador 30g;1;151,83
26/08/2026;58569;CÁPSULAS E SUPLEMENTOS;Magnésio dimalato 60 cáps;1;57,27
26/08/2026;58569;VETERINÁRIOS;Pasta palatável pet 30 doses;1;102,65
26/08/2026;58570;DERMATOLÓGICOS;Creme clareador 30g;1;173,63
26/08/2026;58571;DERMATOLÓGICOS;Creme clareador 30g;1;101,46
26/08/2026;58572;DERMATOLÓGICOS;Protetor solar FPS 50 com cor 50g;1;82,63
26/08/2026;58573;DERMATOLÓGICOS;Vitamina C 15% sérum 30ml;1;95,41
26/08/2026;58573;CÁPSULAS E SUPLEMENTOS;Colágeno + vitamina C 60 cáps;2;170,76
27/08/2026;58574;VETERINÁRIOS;Pasta palatável pet 30 doses;1;79,62
27/08/2026;58574;DERMATOLÓGICOS;Creme clareador 30g;1;124,08
27/08/2026;58575;CÁPSULAS E SUPLEMENTOS;Colágeno + vitamina C 60 cáps;1;97,50
27/08/2026;58575;CÁPSULAS E SUPLEMENTOS;Colágeno + vitamina C 60 cáps;1;86,90
27/08/2026;58576;REVENDA;Protetor labial;1;17,17
27/08/2026;58577;CÁPSULAS E SUPLEMENTOS;Ômega 3 1000mg 60 cáps;1;94,89
27/08/2026;58577;CÁPSULAS E SUPLEMENTOS;Ômega 3 1000mg 60 cáps;1;71,58
27/08/2026;58577;CÁPSULAS E SUPLEMENTOS;Colágeno + vitamina C 60 cáps;1;89,91
27/08/2026;58578;DERMATOLÓGICOS;Ácido hialurônico sérum 30ml;1;111,23
27/08/2026;58579;CÁPSULAS E SUPLEMENTOS;Ômega 3 1000mg 60 cáps;1;77,90
27/08/2026;58580;CÁPSULAS E SUPLEMENTOS;Vitamina D3 10.000UI 60 cáps;1;45,39
27/08/2026;58581;FLORAIS E HOMEOPATIA;Floral de Bach 30ml;1;33,00
27/08/2026;58582;FLORAIS E HOMEOPATIA;Fórmula floral personalizada;1;49,48
27/08/2026;58583;REVENDA;Protetor labial;1;16,60
27/08/2026;58584;DERMATOLÓGICOS;Ácido hialurônico sérum 30ml;1;112,60
28/08/2026;58584;DERMATOLÓGICOS;DEVOLUÇÃO - Ácido hialurônico sérum 30ml;-1;-112,60
27/08/2026;58585;CÁPSULAS E SUPLEMENTOS;Colágeno + vitamina C 60 cáps;1;108,13
27/08/2026;58585;CÁPSULAS E SUPLEMENTOS;Colágeno + vitamina C 60 cáps;2;146,86
27/08/2026;58586;REVENDA;Hidratante corporal 200ml;1;26,26
27/08/2026;58587;CÁPSULAS E SUPLEMENTOS;Complexo B 60 cáps;1;62,44
28/08/2026;58588;DERMATOLÓGICOS;Creme clareador 30g;1;145,77
28/08/2026;58589;REVENDA;Hidratante corporal 200ml;1;48,40
28/08/2026;58590;REVENDA;Sabonete facial 150ml;1;22,20
28/08/2026;58591;DERMATOLÓGICOS;Ácido hialurônico sérum 30ml;1;138,85
28/08/2026;58592;FLORAIS E HOMEOPATIA;Arnica CH6 glóbulos;1;31,37
28/08/2026;58593;CÁPSULAS E SUPLEMENTOS;Colágeno + vitamina C 60 cáps;1;73,95
28/08/2026;58594;DERMATOLÓGICOS;Minoxidil 5% loção 60ml;2;161,32
28/08/2026;58594;CÁPSULAS E SUPLEMENTOS;Vitamina D3 10.000UI 60 cáps;1;65,29
28/08/2026;58594;DERMATOLÓGICOS;Minoxidil 5% loção 60ml;1;80,76
28/08/2026;58595;DERMATOLÓGICOS;Creme clareador 30g;1;121,28
28/08/2026;58596;CÁPSULAS E SUPLEMENTOS;Vitamina D3 10.000UI 60 cáps;1;50,17
29/08/2026;58597;CÁPSULAS E SUPLEMENTOS;Ômega 3 1000mg 60 cáps;1;65,14
29/08/2026;58598;CÁPSULAS E SUPLEMENTOS;Vitamina D3 10.000UI 60 cáps;1;53,27
29/08/2026;58598;CÁPSULAS E SUPLEMENTOS;Colágeno + vitamina C 60 cáps;2;211,12
29/08/2026;58598;CÁPSULAS E SUPLEMENTOS;Ômega 3 1000mg 60 cáps;2;170,04
29/08/2026;58599;REVENDA;Protetor labial;1;22,94
29/08/2026;58599;DERMATOLÓGICOS;Protetor solar FPS 50 com cor 50g;1;85,01
29/08/2026;58600;DERMATOLÓGICOS;Minoxidil 5% loção 60ml;1;77,70
29/08/2026;58601;REVENDA;Hidratante corporal 200ml;1;37,20
31/08/2026;58602;REVENDA;Hidratante corporal 200ml;2;99,22
31/08/2026;58603;DERMATOLÓGICOS;Protetor solar FPS 50 com cor 50g;1;105,80
31/08/2026;58604;CÁPSULAS E SUPLEMENTOS;Colágeno + vitamina C 60 cáps;1;111,15
31/08/2026;58605;DERMATOLÓGICOS;Ácido hialurônico sérum 30ml;1;125,57
31/08/2026;58606;FLORAIS E HOMEOPATIA;Floral de Bach 30ml;2;81,38
31/08/2026;58607;CÁPSULAS E SUPLEMENTOS;Complexo B 60 cáps;1;58,23
31/08/2026;58607;DERMATOLÓGICOS;Creme clareador 30g;1;178,25
31/08/2026;58608;DERMATOLÓGICOS;Ácido hialurônico sérum 30ml;1;91,11
31/08/2026;58609;DERMATOLÓGICOS;Creme clareador 30g;1;135,29
